Workbook

Sheet Existencia Sistema
A1: MULTINACIONAL DE SABORES C.A. | E1: PRODUCIR | J1: =TODAY() -> 46323
A2: EXISTENCIA FISICA MULTINACIONAL | E2: NO PRODUCIR | J2: 0.35416667
A3: Almacenes consolidados: NoAlmacén: Principal | E3: POR DECISION
A4: Artículo | B4: Denominación | C4: Cajas / Paleta | E4: Stock | G4: UND | H4: PALETAS | I4: CONSUMO PROM PALETAS X DIA | J4: DIAS INVENTARIO PARA CONSUMO
A5: PRODT-0007 | B5: GLUP! COLA NEGRA 6X2000ML | C5: 80 | E5: =VLOOKUP(A5,'Existencia Sistemaac'!$A$13:$AJ$90,10,FALSE) -> 76189 | G5: CJ | H5: =+E5/C5 -> 952.3625 | I5: 804 | J5: =IFERROR(ROUND((+H5/I5),1),0) -> 1.2
A6: PRODT-0008 | B6: GLUP! UVA 6X2000ML | C6: 80 | E6: =VLOOKUP(A6,'Existencia Sistemaac'!$A$13:$AJ$90,10,FALSE) -> 23648 | G6: CJ | H6: =+E6/C6 -> 295.6 | I6: 111 | J6: =IFERROR(ROUND((+H6/I6),1),0) -> 2.7
A7: PRODT-0009 | B7: GLUP! KOLITA 6X2000ML | C7: 80 | E7: =VLOOKUP(A7,'Existencia Sistemaac'!$A$13:$AJ$90,10,FALSE) -> 56226 | G7: CJ | H7: =+E7/C7 -> 702.825 | I7: 240 | J7: =IFERROR(ROUND((+H7/I7),1),0) -> 2.9
A8: PRODT-0010 | B8: GLUP! PIÑA 6X2000ML | C8: 80 | E8: =VLOOKUP(A8,'Existencia Sistemaac'!$A$13:$AJ$90,10,FALSE) -> 2192 | G8: CJ | H8: =+E8/C8 -> 27.4 | I8: 83 | J8: =IFERROR(ROUND((+H8/I8),1),0) -> 0.3
A9: PRODT-0011 | B9: GLUP! NARANJA 6X2000ML | C9: 80 | E9: =VLOOKUP(A9,'Existencia Sistemaac'!$A$13:$AJ$90,10,FALSE) -> 0 | G9: CJ | H9: =+E9/C9 -> 0 | I9: 86 | J9: =IFERROR(ROUND((+H9/I9),1),0) -> 0
A10: PRODT-0012 | B10: GLUP! FRESH 6X2000ML | C10: 80 | E10: =VLOOKUP(A10,'Existencia Sistemaac'!$A$13:$AJ$90,10,FALSE) -> 25637 | G10: CJ | H10: =+E10/C10 -> 320.4625 | I10: 261 | J10: =IFERROR(ROUND((+H10/I10),1),0) -> 1.2
A11: PRODT-0049 | B11: GLUP! MANZANA VERDE CAJA X 6BOT X 2LTS | C11: 80 | E11: =VLOOKUP(A11,'Existencia Sistemaac'!$A$13:$AJ$90,10,FALSE) -> 15612 | G11: CJ | H11: =+E11/C11 -> 195.15 | I11: 6 | J11: =IFERROR(ROUND((+H11/I11),1),0) -> 32.5
A12: PRODT-0097 | B12: GLUP! MANZANA ROJA CAJA X 6BOT X 2.0LTS | C12: 80 | E12: =VLOOKUP(A12,'Existencia Sistemaac'!$A$13:$AJ$90,10,FALSE) -> 7068 | G12: CJ | H12: =+E12/C12 -> 88.35 | I12: 60 | J12: =IFERROR(ROUND((+H12/I12),1),0) -> 1.5
A13: PRODT-0098 | B13: GLUP! PIÑA PARCHITA CAJA X 6BOT X 2.0LTS | C13: 80 | E13: =VLOOKUP(A13,'Existencia Sistemaac'!$A$13:$AJ$90,10,FALSE) -> 6075 | G13: CJ | H13: =+E13/C13 -> 75.9375 | I13: 6 | J13: =IFERROR(ROUND((+H13/I13),1),0) -> 12.7
A14: PRODT-0082 | B14: GLUP! COLA NEGRA CAJA X 12BOT X 1LTS | C14: 78 | E14: =VLOOKUP(A14,'Existencia Sistemaac'!$A$13:$AJ$90,10,FALSE) -> 9650 | G14: CJ | H14: =+E14/C14 -> 123.71795 | I14: 118 | J14: =IFERROR(ROUND((+H14/I14),1),0) -> 1
A15: PRODT-0084 | B15: GLUP! UVA CAJA X 12BOT X 1.0LTS | C15: 78 | E15: =VLOOKUP(A15,'Existencia Sistemaac'!$A$13:$AJ$90,10,FALSE) -> 9523 | G15: CJ | H15: =+E15/C15 -> 122.08974 | I15: 14 | J15: =IFERROR(ROUND((+H15/I15),1),0) -> 8.7
A16: PRODT-0086 | B16: GLUP! FRESH CAJA X 12BOT X 1.0LTS | C16: 78 | E16: =VLOOKUP(A16,'Existencia Sistemaac'!$A$13:$AJ$90,10,FALSE) -> 4681 | G16: CJ | H16: =+E16/C16 -> 60.012821 | I16: 49 | J16: =IFERROR(ROUND((+H16/I16),1),0) -> 1.2
... A43: PRODT-0122 | B43: POWER X SABOR NARANJA CAJA X 15BOT X 0.400LTS | C43: 160 | E43: =VLOOKUP(A43,'Existencia Sistemaac'!$A$13:$AJ$90,10,FALSE) -> 0 | G43: CJ | H43: =+E43/C43 -> 0 | I43: 0 | J43: =IFERROR(ROUND((+H43/I43),1),0) -> 0
E45: =SUM(E5:E44) -> 388009 | H45: =SUM(H5:H44) -> 4613.4754

Sheet Existencia Sistemaac
A1: MULTINACIONAL DE SABORES C.A. | D1: Área: PRINCIPAL | J1: PRODUCIR | AJ1: 46323
A2: EXISTENCIA FISICA MULTINACIONAL | J2: NO PRODUCIR | AJ2: 0.33333333
A3: Almacenes consolidados: NoAlmacén: Principal | J3: POR DECISION
B4: Del almacén: 100
B5: Artículo: <Todos>
B6: Denominación: <Todos>
B7: Tipo: 70
B8: Clase: <Todos>
B9: Grupo: <Todos>
B10: Familia: <Todos>
B11: Limitar disponible: No
B12: Considerar únicamente MP y subcontratación: No
A13: Artículo | B13: Denominación | H13: Cajas / Paleta | J13: Stock | L13: UND | M13: ACUMULADO PLASTIMAX, C.A. | N13: SAP | O13: dif FISICO | P13: PLASTIMAX, C.A. DEL DIA ACTUAL | Q13: PALETAS | AI13: CONSUMO PROM PALETAS X DIA | AJ13: DIAS INVENTARIO PARA CONSUMO
A14: PRODT-0001 | B14: GLUP! COLA NEGRA 12X1500ML | H14: 70 | J14: =+IFERROR(VLOOKUP(A14,$R$26:$U$119,4,FALSE),0) -> 0 | L14: CJ | M14: =+J14-N14 -> 0 | N14: =+J14 -> 0 | P14: =J14-IFERROR(VLOOKUP(A14,$R$26:$U$119,4,FALSE),0)+0 -> 0 | AC14: =+IFERROR(VLOOKUP(T14,$R$26:$U$119,4,FALSE),0) -> 0
A15: PRODT-0002 | B15: GLUP! UVA 12X1500ML | H15: 70 | J15: =+IFERROR(VLOOKUP(A15,$R$26:$U$119,4,FALSE),0) -> 0 | L15: CJ | M15: =+J15-N15 -> 0 | N15: =+J15 -> 0 | P15: =J15-IFERROR(VLOOKUP(A15,$R$26:$U$119,4,FALSE),0)+0 -> 0 | AC15: =+IFERROR(VLOOKUP(T15,$R$26:$U$119,4,FALSE),0) -> 0
A16: PRODT-0003 | B16: GLUP! KOLITA 12X1500ML | H16: 70 | J16: =+IFERROR(VLOOKUP(A16,$R$26:$U$119,4,FALSE),0) -> 0 | L16: CJ | M16: =+J16-N16 -> 0 | N16: =+J16 -> 0 | P16: =J16-IFERROR(VLOOKUP(A16,$R$26:$U$119,4,FALSE),0)+0 -> 0 | AC16: =+IFERROR(VLOOKUP(T16,$R$26:$U$119,4,FALSE),0) -> 0
A17: PRODT-0004 | B17: GLUP! PIÑA 12X1500ML | H17: 70 | J17: =+IFERROR(VLOOKUP(A17,$R$26:$U$119,4,FALSE),0) -> 0 | L17: CJ | M17: =+J17-N17 -> 0 | N17: =+J17 -> 0 | P17: =J17-IFERROR(VLOOKUP(A17,$R$26:$U$119,4,FALSE),0)+0 -> 0 | AC17: =+IFERROR(VLOOKUP(T17,$R$26:$U$119,4,FALSE),0) -> 0
A18: PRODT-0005 | B18: GLUP! NARANJA 12X1500ML | H18: 70 | J18: =+IFERROR(VLOOKUP(A18,$R$26:$U$119,4,FALSE),0) -> 0 | L18: CJ | M18: =+J18-N18 -> 0 | N18: =+J18 -> 0 | P18: =J18-IFERROR(VLOOKUP(A18,$R$26:$U$119,4,FALSE),0)+0 -> 0 | AC18: =+IFERROR(VLOOKUP(T24,$R$26:$U$119,4,FALSE),0) -> 0
A19: PRODT-0006 | B19: GLUP! FRESH 12X1500ML | H19: 70 | J19: =+IFERROR(VLOOKUP(A19,$R$26:$U$119,4,FALSE),0) -> 0 | L19: CJ | M19: =+J19-N19 -> 0 | N19: =+J19 -> 0 | P19: =J19-IFERROR(VLOOKUP(A19,$R$26:$U$119,4,FALSE),0)+0 -> 0 | AC19: =+IFERROR(VLOOKUP(T25,$R$26:$U$119,4,FALSE),0) -> 0
A20: PRODT-0039 | B20: GLUP! COLA NEGRA CAJA X 6BOT X 1.5LTS | H20: 70 | J20: =+IFERROR(VLOOKUP(A20,$R$24:$U$119,4,FALSE),0) -> 0 | L20: CJ | M20: =+J20-N20 -> 0 | N20: =+IFERROR(VLOOKUP(A20,$R$26:$U$119,4,FALSE),0)-0 -> 0 | P20: =J20-IFERROR(VLOOKUP(A20,$R$26:$U$119,4,FALSE),0)+0 -> 0
A21: PRODT-0045 | B21: GLUP! PONCHE DE FRUTAS CAJA X 12BOT X 1.5LTS | H21: 70 | J21: =+IFERROR(VLOOKUP(A21,$R$24:$U$119,4,FALSE),0) -> 0 | L21: CJ | M21: =+J21-N21 -> 0 | N21: =+IFERROR(VLOOKUP(A21,$R$26:$U$119,4,FALSE),0)-0 -> 0 | P21: =J21-IFERROR(VLOOKUP(A21,$R$26:$U$119,4,FALSE),0)+0 -> 0
A22: PRODT-0046 | B22: GLUP! MANZANA VERDE CAJA X 12BOT X 1.5LTS | H22: 70 | J22: =+IFERROR(VLOOKUP(A22,$R$24:$U$119,4,FALSE),0) -> 0 | L22: CJ | M22: =+J22-N22 -> 0 | N22: =+IFERROR(VLOOKUP(A22,$R$26:$U$119,4,FALSE),0)-0 -> 0 | P22: =J22-IFERROR(VLOOKUP(A22,$R$26:$U$119,4,FALSE),0)+0 -> 0
A23: PRODT-0047 | B23: GLUP! CHICLE BOMBA CAJA X 12BOT X 1.5LTS | H23: 70 | J23: =+IFERROR(VLOOKUP(A23,$R$24:$U$119,4,FALSE),0) -> 0 | L23: CJ | M23: =+J23-N23 -> 0 | N23: =+IFERROR(VLOOKUP(A23,$R$26:$U$119,4,FALSE),0)-0 -> 0 | P23: =J23-IFERROR(VLOOKUP(A23,$R$26:$U$119,4,FALSE),0)+0 -> 0
A24: PRODT-0007 | B24: GLUP! COLA NEGRA 6X2000ML | H24: 80 | J24: =44419-1+13451+18320 -> 76189 | L24: CJ | M24: =+J24-N24 -> 76189 | N24: =+IFERROR(VLOOKUP(A24,$R$26:$U$119,4,FALSE),0)-0 -> 0 | O24: =51208-J24 -> -24981 | P24: =J24-IFERROR(VLOOKUP(A24,$R$26:$U$119,4,FALSE),0)+19600 -> 95789 | Q24: =+J24/H24 -> 952.3625 | R24: PRODT-0007 | S24: GLUP! COLA NEGRA CAJA X 6BOT X 2.0LTS | T24: CAJA | U24: 69558 | V24: 126132 | X24: -23035 | Y24: USD 1,680 | Z24: USD 173.202,960 | AC24: =+IFERROR(VLOOKUP(T24,$R$24:$U$119,4,FALSE),0)-0-5920-5920-7520-9040-4640-4240-5440-4160-8720 -> -55600 | AE24: =1+99+8+88+240+256+10+48+64+21+56+116+160+80+336+1 -> 1584 | AF24: =+AE24*80 -> 126720 | AG24: =+AF24+54+48 -> 126822 | AI24: 804 | AJ24: =IFERROR(ROUND((+Q24/AI24),1),0) -> 1.2 | AN24: ACTUALIZADO SEPTIEMBRE 2026
A25: PRODT-0008 | B25: GLUP! UVA 6X2000ML | H25: 80 | J25: =23488+160 -> 23648 | L25: CJ | M25: =+J25-N25 -> 23648 | N25: =+IFERROR(VLOOKUP(A25,$R$26:$U$119,4,FALSE),0)-0 -> 0 | O25: =204-J25 -> -23444 | P25: =J25-IFERROR(VLOOKUP(A25,$R$26:$U$119,4,FALSE),0)+0 -> 23648 | Q25: =+J25/H25 -> 295.6 | R25: PRODT-0008 | S25: GLUP! UVA CAJA X 6BOT X 2.0LTS | T25: CAJA | U25: 26276 | V25: 6395 | X25: 7324 | Y25: USD 1,680 | Z25: USD 23.047,920 | AC25: =+IFERROR(VLOOKUP(T25,$R$24:$U$119,4,FALSE),0)-0-2480-2560-1280-480-960-640-160 -> -8560 | AE25: =1+29+96+88+56+12+0 -> 282 | AF25: =+AE25*80 -> 22560 | AG25: =+AF25+44+18 -> 22622 | AI25: 111 | AJ25: =IFERROR(ROUND((+Q25/AI25),1),0) -> 2.7
A26: PRODT-0009 | B26: GLUP! KOLITA 6X2000ML | H26: 80 | J26: =34826+21400 -> 56226 | L26: CJ | M26: =+J26-N26 -> 32810 | N26: =+IFERROR(VLOOKUP(A26,$R$26:$U$119,4,FALSE),0)-0 -> 23416 | O26: =8449-J26 -> -47777 | P26: =J26-IFERROR(VLOOKUP(A26,$R$26:$U$119,4,FALSE),0)+5120 -> 37930 | Q26: =+J26/H26 -> 702.825 | R26: PRODT-0009 | S26: GLUP! KOLITA CAJA X 6BOT X 2.0LTS | T26: CAJA | U26: 23416 | V26: 17820 | X26: -8915 | Y26: USD 1,680 | Z26: USD 14.960,400 | AC26: =+IFERROR(VLOOKUP(T26,$R$24:$U$119,4,FALSE),0)-0-160-3520-4720-3360-480-2880-3200 -> -18320 | AE26: =34+116+144+18+0 -> 312 | AF26: =+AE26*50 -> 15600 | AG26: =+AF26+3+28 -> 15631 | AI26: 240 | AJ26: =IFERROR(ROUND((+Q26/AI26),1),0) -> 2.9
A27: PRODT-0010 | B27: GLUP! PIÑA 6X2000ML | H27: 80 | J27: =32+2160 -> 2192 | L27: CJ | M27: =+J27-N27 -> 2189 | N27: =+IFERROR(VLOOKUP(A27,$R$26:$U$119,4,FALSE),0)-0 -> 3 | O27: =5605-J27 -> 3413 | P27: =J27-IFERROR(VLOOKUP(A27,$R$26:$U$119,4,FALSE),0)+4720+0 -> 6909 | Q27: =+J27/H27 -> 27.4 | R27: PRODT-0010 | S27: GLUP! PIÑA CAJA X 6BOT X 2.0LTS | T27: CAJA | U27: 3 | V27: 7320 | X27: 17629 | Y27: USD 1,680 | Z27: USD 41.914,320 | AC27: =+IFERROR(VLOOKUP(T27,$R$24:$U$119,4,FALSE),0)-0-4160 -> -4160 | AE27: =20+38+1+144+93+0 -> 296 | AF27: =+AE27*80 -> 23680 | AG27: =+AF27+48+1 -> 23729 | AI27: 83 | AJ27: =IFERROR(ROUND((+Q27/AI27),1),0) -> 0.3
A28: PRODT-0011 | B28: GLUP! NARANJA 6X2000ML | H28: 80 | J28: 0 | L28: CJ | M28: =+J28-N28 -> 0 | N28: =+IFERROR(VLOOKUP(A28,$R$26:$U$119,4,FALSE),0)-0 -> 0 | O28: =0-J28 -> 0 | P28: =J28-IFERROR(VLOOKUP(A28,$R$26:$U$119,4,FALSE),0)+0 -> 0 | Q28: =+J28/H28 -> 0 | R28: PRODT-0012 | S28: GLUP! FRESH CAJA X 6BOT X 2.0LTS | T28: CAJA | U28: 3476 | V28: 13560 | X28: -13036 | Y28: USD 1,680 | Z28: USD 880,320 | AC28: =+IFERROR(VLOOKUP(T28,$R$24:$U$119,4,FALSE),0) -> 0 | AE28: =18+12+142+96+65 -> 333 | AF28: =+AE28*78 -> 25974 | AG28: =+AF28+34 -> 26008 | AI28: 86 | AJ28: =IFERROR(ROUND((+Q28/AI28),1),0) -> 0
A29: PRODT-0012 | B29: GLUP! FRESH 6X2000ML | H29: 80 | J29: =9958-1+15680 -> 25637 | L29: CJ | M29: =+J29-N29 -> 22161 | N29: =+IFERROR(VLOOKUP(A29,$R$26:$U$119,4,FALSE),0)-0 -> 3476 | O29: =9357-J29 -> -16280 | P29: =J29-IFERROR(VLOOKUP(A29,$R$26:$U$119,4,FALSE),0)+640 -> 22801 | Q29: =+J29/H29 -> 320.4625 | R29: PRODT-0014 | S29: JUSTY NARANJA CAJA X 12BOT X 1.5LTS | T29: CAJA | U29: 40630 | V29: 9830 | X29: 37099 | Y29: USD 2,500 | Z29: USD 117.322,500 | AC29: =+IFERROR(VLOOKUP(T29,$R$24:$U$119,4,FALSE),0)-0-3520-2560-2960-1600-480 -> -11120 | AE29: =7+14+1+24+48+12+15 -> 121 | AF29: =+AE29*160 -> 19360 | AG29: =+AF29+64+133 -> 19557 | AI29: 261 | AJ29: =IFERROR(ROUND((+Q29/AI29),1),0) -> 1.2
A30: PRODT-0048 | B30: GLUP! PONCHE DE FRUTAS CAJA X 6BOT X 2LTS | H30: 80 | J30: 0 | L30: CJ | M30: =+J30-N30 -> 0 | N30: =+IFERROR(VLOOKUP(A30,$R$26:$U$119,4,FALSE),0)-0 -> 0 | P30: =J30-IFERROR(VLOOKUP(A30,$R$26:$U$119,4,FALSE),0)+0 -> 0 | Q30: =+J30/H30 -> 0 | R30: PRODT-0049 | S30: GLUP! MANZANA VERDE CAJA X 6BOT X 2.0 LTS | T30: CAJA | U30: 1 | V30: 80 | X30: -79 | Y30: USD 1,680 | Z30: USD 1,680 | AI30: 0 | AJ30: =IFERROR(ROUND((+Q30/AI30),1),0) -> 0
A31: PRODT-0049 | B31: GLUP! MANZANA VERDE CAJA X 6BOT X 2LTS | H31: 80 | J31: 15612 | L31: CJ | M31: =+J31-N31 -> 15611 | N31: =+IFERROR(VLOOKUP(A31,$R$26:$U$119,4,FALSE),0)-0 -> 1 | O31: =525-J31 -> -15087 | P31: =J31-IFERROR(VLOOKUP(A31,$R$26:$U$119,4,FALSE),0)+0 -> 15611 | Q31: =+J31/H31 -> 195.15 | R31: PRODT-0082 | S31: GLUP! COLA NEGRA CAJA X 12BOT X 1LTS | T31: CAJA | U31: 28310 | V31: 15449 | X31: 10277 | Y31: USD 2,240 | Z31: USD 57.626,240 | AI31: 6 | AJ31: =IFERROR(ROUND((+Q31/AI31),1),0) -> 32.5
A32: PRODT-0050 | B32: GLUP! CHICLE BOMBA CAJA X 6BOT X 2LTS | H32: 80 | J32: 0 | L32: CJ | M32: =+J32-N32 -> 0 | N32: =+IFERROR(VLOOKUP(A32,$R$26:$U$119,4,FALSE),0)-0 -> 0 | P32: =J32-IFERROR(VLOOKUP(A32,$R$26:$U$119,4,FALSE),0)+0 -> 0 | Q32: =+J32/H32 -> 0 | R32: PRODT-0084 | S32: GLUP! UVA CAJA X 12BOT X 1.0LTS | T32: CAJA | U32: 17551 | V32: 1850 | X32: -826 | Y32: USD 2,240 | Z32: USD 2.293,760 | AI32: 0 | AJ32: =IFERROR(ROUND((+Q32/AI32),1),0) -> 0
A33: PRODT-0097 | B33: GLUP! MANZANA ROJA CAJA X 6BOT X 2.0LTS | H33: 80 | J33: =4828+2240 -> 7068 | L33: CJ | M33: =+J33-N33 -> 7068 | N33: =+IFERROR(VLOOKUP(A33,$R$24:$U$119,4,FALSE),0)-0 -> 0 | O33: =0-J33 -> -7068 | P33: =J33-IFERROR(VLOOKUP(A33,$R$24:$U$119,4,FALSE),0)+0 -> 7068 | Q33: =+J33/H33 -> 88.35 | R33: PRODT-0086 | S33: GLUP! FRESH CAJA X 12BOT X 1.0LTS | T33: CAJA | U33: 7845 | V33: 2296 | X33: -2246 | Y33: USD 2,240 | Z33: USD 112,000 | AI33: 60 | AJ33: =IFERROR(ROUND((+Q33/AI33),1),0) -> 1.5
A34: PRODT-0098 | B34: GLUP! PIÑA PARCHITA CAJA X 6BOT X 2.0LTS | H34: 80 | J34: 6075 | L34: CJ | M34: =+J34-N34 -> -44855 | N34: =+IFERROR(VLOOKUP(A34,$R$24:$U$119,4,FALSE),0)-0 -> 50930 | O34: =0-J34 -> -6075 | P34: =J34-IFERROR(VLOOKUP(A34,$R$24:$U$119,4,FALSE),0)+0 -> -44855 | Q34: =+J34/H34 -> 75.9375 | R34: PRODT-0088 | S34: GLUP! KOLITA CAJA X 12BOT X 1.0LTS | T34: CAJA | U34: 23279 | V34: 7587 | X34: 4484 | Y34: USD 2,240 | Z34: USD 27.039,040 | AI34: 6 | AJ34: =IFERROR(ROUND((+Q34/AI34),1),0) -> 12.7
A35: PRODT-0082 | B35: GLUP! COLA NEGRA CAJA X 12BOT X 1LTS | H35: 78 | J35: =7468-2+2184 -> 9650 | L35: CJ | M35: =+J35-N35 -> -18660 | N35: =+IFERROR(VLOOKUP(A35,$R$26:$U$119,4,FALSE),0)-0 -> 28310 | O35: =132941-J35 -> 123291 | P35: =J35-IFERROR(VLOOKUP(A35,$R$26:$U$119,4,FALSE),0)+3198 -> -15462 | Q35: =+J35/H35 -> 123.71795 | R35: PRODT-0092 | S35: GLUP! COLA NEGRA CAJA X 15 BOT X 0.400LTS | T35: CAJA | U35: 47795 | V35: 11855 | X35: -11243 | Y35: USD 1,480 | Z35: USD 905,760 | AI35: 118 | AJ35: =IFERROR(ROUND((+Q35/AI35),1),0) -> 1
A36: PRODT-0084 | B36: GLUP! UVA CAJA X 12BOT X 1.0LTS | H36: 78 | J36: =9679-156 -> 9523 | L36: CJ | M36: =+J36-N36 -> -8028 | N36: =+IFERROR(VLOOKUP(A36,$R$26:$U$119,4,FALSE),0)-0 -> 17551 | O36: =51894-J36 -> 42371 | P36: =J36-IFERROR(VLOOKUP(A36,$R$26:$U$119,4,FALSE),0)+2106 -> -5922 | Q36: =+J36/H36 -> 122.08974 | R36: PRODT-0093 | S36: GLUP! UVA CAJA X 15BOT X 0.400LTS | T36: CAJA | U36: 11103 | V36: 490 | X36: 4270 | Y36: USD 1,480 | Z36: USD 7.044,800 | AI36: 14 | AJ36: =IFERROR(ROUND((+Q36/AI36),1),0) -> 8.7
A37: PRODT-0086 | B37: GLUP! FRESH CAJA X 12BOT X 1.0LTS | H37: 78 | J37: =2888-1+1794 -> 4681 | L37: CJ | M37: =+J37-N37 -> -3164 | N37: =+IFERROR(VLOOKUP(A37,$R$26:$U$119,4,FALSE),0)-0 -> 7845 | O37: =17462-J37 -> 12781 | P37: =J37-IFERROR(VLOOKUP(A37,$R$26:$U$119,4,FALSE),0)+2496 -> -668 | Q37: =+J37/H37 -> 60.012821 | R37: PRODT-0094 | S37: GLUP! KOLITA CAJA X 15BOT X 0.400LTS | T37: CAJA | U37: 2962 | V37: 1260 | X37: -589 | Y37: USD 1,480 | Z37: USD 993,080 | AI37: 49 | AJ37: =IFERROR(ROUND((+Q37/AI37),1),0) -> 1.2
A38: PRODT-0088 | B38: GLUP! KOLITA CAJA X 12BOT X 1.0LTS | H38: 78 | J38: 32342 | L38: CJ | M38: =+J38-N38 -> 9063 | N38: =+IFERROR(VLOOKUP(A38,$R$26:$U$119,4,FALSE),0)-0 -> 23279 | O38: =39597-J38 -> 7255 | P38: =J38-IFERROR(VLOOKUP(A38,$R$26:$U$119,4,FALSE),0)+2652 -> 11715 | Q38: =+J38/H38 -> 414.64103 | R38: PRODT-0095 | S38: GLUP! FRESH CAJA X 15BOT X 0.400LTS | T38: CAJA | U38: 6 | V38: 1155 | X38: -997 | Y38: USD 1,480 | Z38: USD 233,840 | AI38: 45 | AJ38: =IFERROR(ROUND((+Q38/AI38),1),0) -> 9.2
A39: PRODT-0090 | B39: GLUP! MANZANA VERDE CAJA X 12BOT X 1.0LTS | H39: 78 | J39: 0 | L39: CJ | M39: =+J39-N39 -> 0 | N39: =+IFERROR(VLOOKUP(A39,$R$26:$U$119,4,FALSE),0)-0 -> 0 | O39: =50966-J39 -> 50966 | P39: =J39-IFERROR(VLOOKUP(A39,$R$26:$U$119,4,FALSE),0)+702 -> 702 | Q39: =+J39/H39 -> 0 | AI39: 0 | AJ39: =IFERROR(ROUND((+Q39/AI39),1),0) -> 0
A40: PRODT-0104 | B40: GLUP! PIÑA CAJA X 12BOT X 1.0LTS | H40: 78 | J40: =2042-1+11585 -> 13626 | L40: CJ | M40: =+J40-N40 -> 13626 | N40: =+IFERROR(VLOOKUP(A40,$R$26:$U$119,4,FALSE),0)-0 -> 0 | O40: =50966-J40 -> 37340 | P40: =J40-IFERROR(VLOOKUP(A40,$R$26:$U$119,4,FALSE),0)+702 -> 14328 | Q40: =+J40/H40 -> 174.69231 | AI40: 7 | AJ40: =IFERROR(ROUND((+Q40/AI40),1),0) -> 25
A41: PRODT-0105 | B41: GLUP! NARANJA CAJA X 12BOT X 1.0LTS | H41: 78 | J41: 1 | L41: CJ | M41: =+J41-N41 -> 1 | N41: =+IFERROR(VLOOKUP(A41,$R$26:$U$119,4,FALSE),0)-0 -> 0 | O41: =50966-J41 -> 50965 | P41: =J41-IFERROR(VLOOKUP(A41,$R$26:$U$119,4,FALSE),0)+702 -> 703 | Q41: =+J41/H41 -> 0.012820513 | AI41: 8 | AJ41: =IFERROR(ROUND((+Q41/AI41),1),0) -> 0
A42: PRODT-0106 | B42: GLUP! PIÑA PARCHITA CAJA X 12BOT X 1.0LTS | H42: 78 | J42: 0 | L42: CJ | M42: =+J42-N42 -> 0 | N42: =+IFERROR(VLOOKUP(A42,$R$26:$U$119,4,FALSE),0)-0 -> 0 | O42: =50966-J42 -> 50966 | P42: =J42-IFERROR(VLOOKUP(A42,$R$26:$U$119,4,FALSE),0)+702 -> 702 | Q42: =+J42/H42 -> 0 | AI42: 0 | AJ42: =IFERROR(ROUND((+Q42/AI42),1),0) -> 0
A43: PRODT-0107 | B43: GLUP! MANZANA ROJA CAJA X 12BOT X 1.0LTS | H43: 78 | J43: 5853 | L43: CJ | M43: =+J43-N43 -> 5853 | N43: =+IFERROR(VLOOKUP(A43,$R$26:$U$119,4,FALSE),0)-0 -> 0 | O43: =50966-J43 -> 45113 | P43: =J43-IFERROR(VLOOKUP(A43,$R$26:$U$119,4,FALSE),0)+702 -> 6555 | Q43: =+J43/H43 -> 75.038462 | AI43: 9 | AJ43: =IFERROR(ROUND((+Q43/AI43),1),0) -> 8.3
A44: PRODT-0092 | B44: GLUP! COLA NEGRA CAJA X 15 BOT X 0.400LTS | H44: 160 | J44: =4799+1 -> 4800 | L44: CJ | M44: =+J44-N44 -> -42995 | N44: =+IFERROR(VLOOKUP(A44,$R$26:$U$119,4,FALSE),0)-0 -> 47795 | O44: =53358-J44 -> 48558 | P44: =J44-IFERROR(VLOOKUP(A44,$R$26:$U$119,4,FALSE),0)+5280 -> -37715 | Q44: =+J44/H44 -> 30 | R44: PRODT-0098 | S44: GLUP! PIÑA PARCHITA CAJA X 6BOT X 2.0LTS | T44: CAJA | U44: 50930 | V44: 3570 | X44: 3714 | Y44: USD 1,680 | Z44: USD 12.237,120 | AI44: 46 | AJ44: =IFERROR(ROUND((+Q44/AI44),1),0) -> 0.7
A45: PRODT-0093 | B45: GLUP! UVA CAJA X 15BOT X 0.400LTS | H45: 160 | J45: =58+3040 -> 3098 | L45: CJ | M45: =+J45-N45 -> -8005 | N45: =+IFERROR(VLOOKUP(A45,$R$26:$U$119,4,FALSE),0)-0 -> 11103 | O45: =20108-J45 -> 17010 | P45: =J45-IFERROR(VLOOKUP(A45,$R$26:$U$119,4,FALSE),0)+960 -> -7045 | Q45: =+J45/H45 -> 19.3625 | Y45: Total: 03 | Z45: USD 487.832,70 | AI45: 6 | AJ45: =IFERROR(ROUND((+Q45/AI45),1),0) -> 3.2
A46: PRODT-0094 | B46: GLUP! KOLITA CAJA X 15BOT X 0.400LTS | H46: 160 | J46: =7717+6022 -> 13739 | L46: CJ | M46: =+J46-N46 -> 10777 | N46: =+IFERROR(VLOOKUP(A46,$R$26:$U$119,4,FALSE),0)-0 -> 2962 | O46: =6244-J46 -> -7495 | P46: =J46-IFERROR(VLOOKUP(A46,$R$26:$U$119,4,FALSE),0)+1760 -> 12537 | Q46: =+J46/H46 -> 85.86875 | AI46: 20 | AJ46: =IFERROR(ROUND((+Q46/AI46),1),0) -> 4.3
A47: PRODT-0096 | B47: GLUP! MANZANA VERDE CAJA X 15BOT X 0.400LTS | H47: 160 | J47: 0 | L47: CJ | M47: =+J47-N47 -> 0 | N47: =+IFERROR(VLOOKUP(A47,$R$26:$U$119,4,FALSE),0)-0 -> 0 | O47: =1121-J47 -> 1121 | P47: =J47-IFERROR(VLOOKUP(A47,$R$26:$U$119,4,FALSE),0)+0 -> 0 | Q47: =+J47/H47 -> 0 | AI47: 0 | AJ47: =IFERROR(ROUND((+Q47/AI47),1),0) -> 0
A48: PRODT-0095 | B48: GLUP! FRESH CAJA X 15BOT X 0.400LTS | H48: 160 | J48: =2093 -> 2093 | L48: CJ | M48: =+J48-N48 -> 2087 | N48: =+IFERROR(VLOOKUP(A48,$R$26:$U$119,4,FALSE),0)-0 -> 6 | O48: =30490-J48 -> 28397 | P48: =J48-IFERROR(VLOOKUP(A48,$R$26:$U$119,4,FALSE),0)+2880+0 -> 4967 | Q48: =+J48/H48 -> 13.08125 | AI48: 20 | AJ48: =IFERROR(ROUND((+Q48/AI48),1),0) -> 0.7
A49: PRODT-0108 | B49: GLUP! PIÑA CAJA X 15BOT X 0.400LTS | H49: 160 | J49: 0 | L49: CJ | Q49: =+J49/H49 -> 0 | AI49: 0 | AJ49: =IFERROR(ROUND((+Q49/AI49),1),0) -> 0
A50: PRODT-0109 | B50: GLUP! NARANJA CAJA X 15BOT X 0.400LTS | H50: 160 | J50: 0 | L50: CJ | Q50: =+J50/H50 -> 0 | AI50: 0 | AJ50: =IFERROR(ROUND((+Q50/AI50),1),0) -> 0
A51: PRODT-0110 | B51: GLUP! PIÑA PARCHITA CAJA X 15BOT X 0.400LTS | H51: 160 | J51: 0 | L51: CJ | Q51: =+J51/H51 -> 0 | AI51: 0 | AJ51: =IFERROR(ROUND((+Q51/AI51),1),0) -> 0
A52: PRODT-0111 | B52: GLUP! MANZANA ROJA CAJA X 15BOT X 0.400LTS | H52: 160 | J52: 2562 | L52: CJ | Q52: =+J52/H52 -> 16.0125 | AI52: 4 | AJ52: =IFERROR(ROUND((+Q52/AI52),1),0) -> 4
A53: PRODT-0022 | B53: GLUP! NARANJA 24X300ML | H53: 70 | J53: 0 | L53: CJ | M53: =+J53-N53 -> 0 | N53: =+IFERROR(VLOOKUP(A53,$R$26:$U$119,4,FALSE),0)-0 -> 0 | P53: =J53-IFERROR(VLOOKUP(A53,$R$26:$U$119,4,FALSE),0)+0 -> 0 | Q53: =+J53/H53 -> 0 | AI53: 0 | AJ53: =IFERROR(ROUND((+Q53/AI53),1),0) -> 0
A54: PRODT-0024 | B54: GLUP! FRESH 24X300ML | H54: 70 | J54: 0 | L54: CJ | M54: =+J54-N54 -> 0 | N54: =+IFERROR(VLOOKUP(A54,$R$26:$U$119,4,FALSE),0)-0 -> 0 | P54: =J54-IFERROR(VLOOKUP(A54,$R$26:$U$119,4,FALSE),0)+0 -> 0 | Q54: =+J54/H54 -> 0 | AI54: 0 | AJ54: =IFERROR(ROUND((+Q54/AI54),1),0) -> 0
A55: PRODT-0030 | B55: GLUP! COLA NEGRA 24X300ML | H55: 70 | J55: 0 | L55: CJ | M55: =+J55-N55 -> 0 | N55: =+IFERROR(VLOOKUP(A55,$R$26:$U$119,4,FALSE),0)-0 -> 0 | P55: =J55-IFERROR(VLOOKUP(A55,$R$26:$U$119,4,FALSE),0)+0 -> 0 | Q55: =+J55/H55 -> 0 | AI55: 0 | AJ55: =IFERROR(ROUND((+Q55/AI55),1),0) -> 0
A56: PRODT-0031 | B56: GLUP! UVA 24X300ML | H56: 70 | J56: 0 | L56: CJ | M56: =+J56-N56 -> 0 | N56: =+IFERROR(VLOOKUP(A56,$R$26:$U$119,4,FALSE),0)-0 -> 0 | P56: =J56-IFERROR(VLOOKUP(A56,$R$26:$U$119,4,FALSE),0)+0 -> 0 | Q56: =+J56/H56 -> 0 | AI56: 0 | AJ56: =IFERROR(ROUND((+Q56/AI56),1),0) -> 0
A57: PRODT-0032 | B57: GLUP! KOLITA 24X300ML | H57: 70 | J57: 0 | L57: CJ | M57: =+J57-N57 -> 0 | N57: =+IFERROR(VLOOKUP(A57,$R$26:$U$119,4,FALSE),0)-0 -> 0 | P57: =J57-IFERROR(VLOOKUP(A57,$R$26:$U$119,4,FALSE),0)+0 -> 0 | Q57: =+J57/H57 -> 0 | AI57: 0 | AJ57: =IFERROR(ROUND((+Q57/AI57),1),0) -> 0
A58: PRODT-0033 | B58: GLUP! PIÑA 24X300ML | H58: 70 | J58: 0 | L58: CJ | M58: =+J58-N58 -> 0 | N58: =+IFERROR(VLOOKUP(A58,$R$26:$U$119,4,FALSE),0)-0 -> 0 | P58: =J58-IFERROR(VLOOKUP(A58,$R$26:$U$119,4,FALSE),0)+0 -> 0 | Q58: =+J58/H58 -> 0 | AI58: 0 | AJ58: =IFERROR(ROUND((+Q58/AI58),1),0) -> 0
A59: PRODT-0017 | B59: AGUA FRESHQUA 1,5L | H59: 70 | J59: 0 | L59: CJ | M59: =+J59-N59 -> 0 | N59: =+IFERROR(VLOOKUP(A59,$R$26:$U$119,4,FALSE),0)-0 -> 0 | P59: =J59-IFERROR(VLOOKUP(A59,$R$26:$U$119,4,FALSE),0)+0 -> 0 | Q59: =+J59/H59 -> 0 | AI59: 0 | AJ59: =IFERROR(ROUND((+Q59/AI59),1),0) -> 0
A60: PRODT-0018 | B60: AGUA MINERAL FRESHQUA 355 ML | H60: 70 | J60: 0 | L60: CJ | M60: =+J60-N60 -> 0 | N60: =+IFERROR(VLOOKUP(A60,$R$26:$U$119,4,FALSE),0)-0 -> 0 | P60: =J60-IFERROR(VLOOKUP(A60,$R$26:$U$119,4,FALSE),0)+0 -> 0 | Q60: =+J60/H60 -> 0 | AI60: 0 | AJ60: =IFERROR(ROUND((+Q60/AI60),1),0) -> 0
A61: PRODT-0019 | B61: AGUA MINERAL FRESHQUA 600 ML | H61: 70 | J61: 0 | L61: CJ | M61: =+J61-N61 -> 0 | N61: =+IFERROR(VLOOKUP(A61,$R$26:$U$119,4,FALSE),0)-0 -> 0 | P61: =J61-IFERROR(VLOOKUP(A61,$R$26:$U$119,4,FALSE),0)+0 -> 0 | Q61: =+J61/H61 -> 0 | AI61: 0 | AJ61: =IFERROR(ROUND((+Q61/AI61),1),0) -> 0
A62: PRODT-0013 | B62: JUSTY MANGO DURAZNO 1,5 LTRS | H62: 70 | J62: 0 | L62: CJ | M62: =+J62-N62 -> 0 | N62: =+IFERROR(VLOOKUP(A62,$R$26:$U$119,4,FALSE),0)-0 -> 0 | P62: =J62-IFERROR(VLOOKUP(A62,$R$26:$U$119,4,FALSE),0)+0 -> 0 | Q62: =+J62/H62 -> 0 | AI62: 0 | AJ62: =IFERROR(ROUND((+Q62/AI62),1),0) -> 0
A63: PRODT-0014 | B63: JUSTY NARANJA 1,5 LTRS | H63: 50 | J63: =1-1 -> 0 | L63: CJ | M63: =+J63-N63 -> -40630 | N63: =+IFERROR(VLOOKUP(A63,$R$26:$U$119,4,FALSE),0)-0 -> 40630 | O63: =52606-J63 -> 52606 | P63: =J63-IFERROR(VLOOKUP(A63,$R$26:$U$119,4,FALSE),0)+6150 -> -34480 | Q63: =+J63/H63 -> 0 | AI63: 108 | AJ63: =IFERROR(ROUND((+Q63/AI63),1),0) -> 0
A64: PRODT-0100 | B64: JUSTY DURAZNO CAJA X 12BOT X 1.5LTS | H64: 50 | J64: =5934+8050 -> 13984 | L64: CJ | M64: =+J64-N64 -> 13984 | N64: =+IFERROR(VLOOKUP(A64,$R$26:$U$119,4,FALSE),0)-0 -> 0 | O64: =52606-J64 -> 38622 | P64: =J64-IFERROR(VLOOKUP(A64,$R$26:$U$119,4,FALSE),0)+6150 -> 20134 | Q64: =+J64/H64 -> 279.68 | AI64: 130 | AJ64: =IFERROR(ROUND((+Q64/AI64),1),0) -> 2.2
A65: PRODT-0101 | B65: JUSTY SANDIA CAJA X 12BOT X 1.5LTS | H65: 70 | J65: 0 | L65: CJ | M65: =+J65-N65 -> 0 | N65: =+IFERROR(VLOOKUP(A65,$R$26:$U$119,4,FALSE),0)-0 -> 0 | O65: =52606-J65 -> 52606 | P65: =J65-IFERROR(VLOOKUP(A65,$R$26:$U$119,4,FALSE),0)+6150 -> 6150 | Q65: =+J65/H65 -> 0 | AI65: 0 | AJ65: =IFERROR(ROUND((+Q65/AI65),1),0) -> 0
A66: PRODT-0102 | B66: JUSTY MANDARINA CAJA X 12BOT X 1.5LTS | G66: NO Producir | H66: 50 | J66: 0 | L66: CJ | M66: =+J66-N66 -> 0 | N66: =+IFERROR(VLOOKUP(A66,$R$26:$U$119,4,FALSE),0)-0 -> 0 | O66: =52606-J66 -> 52606 | P66: =J66-IFERROR(VLOOKUP(A66,$R$26:$U$119,4,FALSE),0)+6150 -> 6150 | Q66: =+J66/H66 -> 0 | AI66: 0 | AJ66: =IFERROR(ROUND((+Q66/AI66),1),0) -> 0
A67: PRODT-0103 | B67: JUSTY TAMARINDO CAJA X 12BOT X 1.5LTS | H67: 70 | J67: 0 | L67: CJ | M67: =+J67-N67 -> 0 | N67: =+IFERROR(VLOOKUP(A67,$R$26:$U$119,4,FALSE),0)-0 -> 0 | O67: =52606-J67 -> 52606 | P67: =J67-IFERROR(VLOOKUP(A67,$R$26:$U$119,4,FALSE),0)+6150 -> 6150 | Q67: =+J67/H67 -> 0 | AI67: 0 | AJ67: =IFERROR(ROUND((+Q67/AI67),1),0) -> 0
A68: PRODT-0115 | B68: JUSTY PERA CAJA X 12BOT X 1.5LTS | H68: 50 | J68: 12 | L68: CJ | M68: =+J68-N68 -> 12 | N68: =+IFERROR(VLOOKUP(A68,$R$26:$U$119,4,FALSE),0)-0 -> 0 | O68: =52606-J68 -> 52594 | P68: =J68-IFERROR(VLOOKUP(A68,$R$26:$U$119,4,FALSE),0)+6150 -> 6162 | Q68: =+J68/H68 -> 0.24 | AI68: 46 | AJ68: =IFERROR(ROUND((+Q68/AI68),1),0) -> 0
A69: PRODT-0116 | B69: JUSTY MANZANA CAJA X 12BOT X 1.5LTS | H69: 50 | J69: =77-1-1+1400+1400+600 -> 3475 | L69: CJ | M69: =+J69-N69 -> 3475 | N69: =+IFERROR(VLOOKUP(A69,$R$26:$U$119,4,FALSE),0)-0 -> 0 | O69: =52606-J69 -> 49131 | P69: =J69-IFERROR(VLOOKUP(A69,$R$26:$U$119,4,FALSE),0)+6150 -> 9625 | Q69: =+J69/H69 -> 69.5 | AI69: 80 | AJ69: =IFERROR(ROUND((+Q69/AI69),1),0) -> 0.9
A70: PRODT-0015 | B70: JUSTY FRUTAS ROJAS 1,5 LTRS | H70: 70 | J70: 0 | L70: CJ | M70: =+J70-N70 -> 0 | N70: =+IFERROR(VLOOKUP(A70,$R$26:$U$119,4,FALSE),0)-0 -> 0 | P70: =J70-IFERROR(VLOOKUP(A70,$R$26:$U$119,4,FALSE),0)+0 -> 0 | Q70: =+J70/H70 -> 0 | AI70: 0 | AJ70: =IFERROR(ROUND((+Q70/AI70),1),0) -> 0
A71: PRODT-0016 | B71: JUSTY FRUTAS ROJAS 355 ML | H71: 70 | J71: 0 | L71: CJ | M71: =+J71-N71 -> 0 | N71: =+IFERROR(VLOOKUP(A71,$R$26:$U$119,4,FALSE),0)-0 -> 0 | P71: =J71-IFERROR(VLOOKUP(A71,$R$26:$U$119,4,FALSE),0)+0 -> 0 | Q71: =+J71/H71 -> 0 | AI71: 0 | AJ71: =IFERROR(ROUND((+Q71/AI71),1),0) -> 0
A72: PRODT-0020 | B72: JUSTY MANGO DURAZNO 355 ML | H72: 70 | J72: 0 | L72: CJ | M72: =+J72-N72 -> 0 | N72: =+IFERROR(VLOOKUP(A72,$R$26:$U$119,4,FALSE),0)-0 -> 0 | P72: =J72-IFERROR(VLOOKUP(A72,$R$26:$U$119,4,FALSE),0)+0 -> 0 | Q72: =+J72/H72 -> 0 | AI72: 0 | AJ72: =IFERROR(ROUND((+Q72/AI72),1),0) -> 0
A73: PRODT-0021 | B73: JUSTY NARANJA 355 ML | H73: 70 | J73: 0 | L73: CJ | M73: =+J73-N73 -> 0 | N73: =+IFERROR(VLOOKUP(A73,$R$26:$U$119,4,FALSE),0)-0 -> 0 | P73: =J73-IFERROR(VLOOKUP(A73,$R$26:$U$119,4,FALSE),0)+0 -> 0 | Q73: =+J73/H73 -> 0 | AI73: 0 | AJ73: =IFERROR(ROUND((+Q73/AI73),1),0) -> 0
A74: PRODT-0123 | B74: JUSTY NARANJA CAJA X 15BOT X 0.400LTS | H74: 160 | J74: 482 | L74: CJ | M74: =+J74-N74 -> 482 | N74: =+IFERROR(VLOOKUP(A74,$R$26:$U$119,4,FALSE),0)-0 -> 0 | P74: =J74-IFERROR(VLOOKUP(A74,$R$26:$U$119,4,FALSE),0)+0 -> 482 | Q74: =+J74/H74 -> 3.0125 | AI74: 15 | AJ74: =IFERROR(ROUND((+Q74/AI74),1),0) -> 0.2
A75: PRODT-0124 | B75: JUSTY DURAZNO CAJA X 15BOT X 0.400LTS | H75: 160 | J75: =125-1 -> 124 | L75: CJ | M75: =+J75-N75 -> 124 | N75: =+IFERROR(VLOOKUP(A75,$R$26:$U$119,4,FALSE),0)-0 -> 0 | P75: =J75-IFERROR(VLOOKUP(A75,$R$26:$U$119,4,FALSE),0)+0 -> 124 | Q75: =+J75/H75 -> 0.775 | AI75: 24 | AJ75: =IFERROR(ROUND((+Q75/AI75),1),0) -> 0
A76: PRODT-0125 | B76: JUSTY MANZANA CAJA X 15BOT X 0.400LTS | H76: 160 | J76: 0 | L76: CJ | M76: =+J76-N76 -> 0 | N76: =+IFERROR(VLOOKUP(A76,$R$26:$U$119,4,FALSE),0)-0 -> 0 | P76: =J76-IFERROR(VLOOKUP(A76,$R$26:$U$119,4,FALSE),0)+0 -> 0 | Q76: =+J76/H76 -> 0 | AI76: 21 | AJ76: =IFERROR(ROUND((+Q76/AI76),1),0) -> 0
A77: PRODT-0126 | B77: JUSTY PERA CAJA X 15BOT X 0.400LTS | H77: 160 | J77: 8983 | L77: CJ | M77: =+J77-N77 -> 8983 | N77: =+IFERROR(VLOOKUP(A77,$R$26:$U$119,4,FALSE),0)-0 -> 0 | P77: =J77-IFERROR(VLOOKUP(A77,$R$26:$U$119,4,FALSE),0)+0 -> 8983 | Q77: =+J77/H77 -> 56.14375 | AI77: 15 | AJ77: =IFERROR(ROUND((+Q77/AI77),1),0) -> 3.7
A78: PRODT-0025 | B78: VITA TEA LIMON 1,5 LT | H78: 70 | J78: 0 | L78: CJ | M78: =+J78-N78 -> 0 | N78: =+IFERROR(VLOOKUP(A78,$R$26:$U$119,4,FALSE),0)-0 -> 0 | P78: =J78-IFERROR(VLOOKUP(A78,$R$26:$U$119,4,FALSE),0)+0 -> 0 | Q78: =+J78/H78 -> 0 | AI78: 0 | AJ78: =IFERROR(ROUND((+Q78/AI78),1),0) -> 0
A79: PRODT-0026 | B79: VITA TEA DURAZNO 1,5 LT | H79: 50 | J79: 0 | L79: CJ | M79: =+J79-N79 -> 0 | N79: =+IFERROR(VLOOKUP(A79,$R$26:$U$119,4,FALSE),0)-0 -> 0 | P79: =J79-IFERROR(VLOOKUP(A79,$R$26:$U$119,4,FALSE),0)+0 -> 0 | Q79: =+J79/H79 -> 0 | AI79: 1 | AJ79: =IFERROR(ROUND((+Q79/AI79),1),0) -> 0
A80: PRODT-0127 | B80: VITA TEA DURAZNO CAJA X15 BOT X 0,400 LTS | H80: 160 | J80: 0 | L80: CJ | M80: =+J80-N80 -> 0 | N80: =+IFERROR(VLOOKUP(A80,$R$26:$U$119,4,FALSE),0)-0 -> 0 | P80: =J80-IFERROR(VLOOKUP(A80,$R$26:$U$119,4,FALSE),0)+0 -> 0 | Q80: =+J80/H80 -> 0 | AI80: 1 | AJ80: =IFERROR(ROUND((+Q80/AI80),1),0) -> 0
A81: PRODT-0128 | B81: VITA TEA LIMON CAJ X 15BOT X 0,400 LTS | H81: 160 | J81: 0 | L81: CJ | M81: =+J81-N81 -> 0 | N81: =+IFERROR(VLOOKUP(A81,$R$26:$U$119,4,FALSE),0)-0 -> 0 | P81: =J81-IFERROR(VLOOKUP(A81,$R$26:$U$119,4,FALSE),0)+0 -> 0 | Q81: =+J81/H81 -> 0 | AI81: 0 | AJ81: =IFERROR(ROUND((+Q81/AI81),1),0) -> 0
A82: PRODT-0113 | B82: AGUA BONAO CAJA X 20BOT X 0.600LTS | H82: 84 | J82: 50 | L82: CJ | M82: =+J82-N82 -> 50 | N82: =+IFERROR(VLOOKUP(A82,$R$26:$U$119,4,FALSE),0)-0 -> 0 | P82: =J82-IFERROR(VLOOKUP(A82,$R$26:$U$119,4,FALSE),0)+0 -> 50 | Q82: =+J82/H82 -> 0.5952381 | AI82: 0 | AJ82: =IFERROR(ROUND((+Q82/AI82),1),0) -> 0
A83: PRODT-0112 | B83: AGUA BONAO CAJA X 12BOT X 1,5LTS | H83: 50 | J83: 6584 | L83: CJ | Q83: =+J83/H83 -> 131.68 | AI83: 14 | AJ83: =IFERROR(ROUND((+Q83/AI83),1),0) -> 9.4
A84: PRODT-0114 | B84: AGUA BONAO CAJA X 20BOT X 0.355LTS | H84: 136 | J84: 28203 | L84: CJ | Q84: =+J84/H84 -> 207.375 | AI84: 27 | AJ84: =IFERROR(ROUND((+Q84/AI84),1),0) -> 7.7
A85: PRODT-0117 | B85: POWER X SABOR ORIGINAL CAJA X 12BOT X 1LTS | H85: 78 | J85: 0 | L85: CJ | Q85: =+J85/H85 -> 0 | AI85: 0 | AJ85: =IFERROR(ROUND((+Q85/AI85),1),0) -> 0
A86: PRODT-0118 | B86: POWER X SABOR CAFE CAJA X 12BOT X 1LTS | H86: 78 | J86: 0 | L86: CJ | Q86: =+J86/H86 -> 0 | AI86: 0 | AJ86: =IFERROR(ROUND((+Q86/AI86),1),0) -> 0
A87: PRODT-0119 | B87: POWER X SABOR NARANJA CAJA X 12BOT X 1LTS | H87: 78 | J87: 0 | L87: CJ | Q87: =+J87/H87 -> 0 | AI87: 0 | AJ87: =IFERROR(ROUND((+Q87/AI87),1),0) -> 0
A88: PRODT-0120 | B88: POWER X SABOR ORIGINAL CAJA X 15BOT X 0.400LTS | H88: 160 | J88: 8723 | L88: CJ | Q88: =+J88/H88 -> 54.51875 | AI88: 2 | AJ88: =IFERROR(ROUND((+Q88/AI88),1),0) -> 27.3
A89: PRODT-0121 | B89: POWER X SABOR CAFE CAJA X 15BOT X 0.400LTS | H89: 160 | J89: 2774 | L89: CJ | Q89: =+J89/H89 -> 17.3375 | AI89: 0 | AJ89: =IFERROR(ROUND((+Q89/AI89),1),0) -> 0
A90: PRODT-0122 | B90: POWER X SABOR NARANJA CAJA X 15BOT X 0.400LTS | H90: 160 | J90: 0 | L90: CJ | Q90: =+J90/H90 -> 0 | AI90: 0 | AJ90: =IFERROR(ROUND((+Q90/AI90),1),0) -> 0
A91: PRODT-0041 | B91: VITA TEA (LIMÓN) CAJA X 24 BOT X 0.355LTS | H91: 70 | J91: 0 | L91: CJ
A92: PRODT-0042 | B92: VITA TEA (DURAZNO) CAJA X 24 BOT X 0.355LTS | H92: 70 | J92: 0 | L92: CJ | M92: =+J92-N92 -> 0 | N92: =+IFERROR(VLOOKUP(A92,$R$26:$U$119,4,FALSE),0)-0 -> 0 | P92: =J92-IFERROR(VLOOKUP(A92,$R$26:$U$119,4,FALSE),0)+0 -> 0
J94: =SUM(J24:J93) -> 388009 | M94: =SUM(M14:M93) -> 81856 | O94: =SUM(O14:O93) -> 722111 | P94: =SUM(P14:P93) -> 179828 | Q94: =SUM(Q24:Q93) -> 4613.4754
AC99: =+IFERROR(VLOOKUP(T99,$R$26:$U$119,4,FALSE),0) -> 0
AC100: =+IFERROR(VLOOKUP(T100,$R$26:$U$119,4,FALSE),0) -> 0
M101: =+J101-N101 -> 0 | N101: =+IFERROR(VLOOKUP(A101,$R$26:$U$119,4,FALSE),0)-0 -> 0 | P101: =J101-IFERROR(VLOOKUP(A101,$R$26:$U$119,4,FALSE),0)+0 -> 0 | AC101: =+IFERROR(VLOOKUP(T101,$R$26:$U$119,4,FALSE),0) -> 0
AC102: =+IFERROR(VLOOKUP(T102,$R$26:$U$119,4,FALSE),0) -> 0
AC103: =+IFERROR(VLOOKUP(T103,$R$26:$U$119,4,FALSE),0) -> 0
AC104: =+IFERROR(VLOOKUP(T104,$R$26:$U$119,4,FALSE),0) -> 0
AC105: =+IFERROR(VLOOKUP(T105,$R$26:$U$119,4,FALSE),0) -> 0
...
